id,title,channel_id,channel,view_count,publish_date,duration,url,uploader_url,quality,candidate_name
yNQh6aFtVFk,HOLA OTRA VEZ!! | #APOCALIPSISMINECRAFT3 | EPISODIO 1 | WILLYREX Y VEGETTA,UC4LHNX8d8RqnDX0OezgmCTg,TheWillyrex,9956438,2014-07-19T21:01:03Z,1799.0,https://www.youtube.com/watch?v=yNQh6aFtVFk,https://www.youtube.com/channel/UC4LHNX8d8RqnDX0OezgmCTg,high,Vegetta777
9YHIn9rYCQE,¿QUIERES CASARTE CONMIGO? | #APOCALIPSISMINECRAFT3 | EPISODIO 2 | WILLYREX Y VEGETTA,UCam8T03EOFBsNdR0thrFHdQ,VEGETTA777,5893403,2014-07-20T21:00:03Z,1928.0,https://www.youtube.com/watch?v=9YHIn9rYCQE,https://www.youtube.com/channel/UCam8T03EOFBsNdR0thrFHdQ,high,Vegetta777
OgCx-K0TJIQ,MIEDO EN LA NOCHE!! | #APOCALIPSISMINECRAFT3 | EPISODIO 3 | WILLYREX Y VEGETTA,UC4LHNX8d8RqnDX0OezgmCTg,TheWillyrex,3896537,2014-07-21T16:00:09Z,1804.0,https://www.youtube.com/watch?v=OgCx-K0TJIQ,https://www.youtube.com/channel/UC4LHNX8d8RqnDX0OezgmCTg,high,Vegetta777
ibhRHzdCy3I,INVASION! | #APOCALIPSISMINECRAFT3 | EPISODIO 4 | WILLYREX Y VEGETTA,UCam8T03EOFBsNdR0thrFHdQ,VEGETTA777,6044154,2014-07-22T21:00:04Z,1961.0,https://www.youtube.com/watch?v=ibhRHzdCy3I,https://www.youtube.com/channel/UCam8T03EOFBsNdR0thrFHdQ,high,Vegetta777
GNTom0Dybbs,EL BUNKER!! | #APOCALIPSISMINECRAFT3 | EPISODIO 5 | WILLYREX Y VEGETTA,UC4LHNX8d8RqnDX0OezgmCTg,TheWillyrex,4040279,2014-07-23T16:30:04Z,1972.0,https://www.youtube.com/watch?v=GNTom0Dybbs,https://www.youtube.com/channel/UC4LHNX8d8RqnDX0OezgmCTg,high,Vegetta777
Pumyi9kNaJk,LEPRECHAUN! | #APOCALIPSISMINECRAFT3 | EPISODIO 6 | WILLYREX Y VEGETTA,UCam8T03EOFBsNdR0thrFHdQ,VEGETTA777,5555371,2014-07-24T22:36:14Z,2029.0,https://www.youtube.com/watch?v=Pumyi9kNaJk,https://www.youtube.com/channel/UCam8T03EOFBsNdR0thrFHdQ,high,Vegetta777
t1Tb9r15Wuc,EL BOOMERANG!! | #APOCALIPSISMINECRAFT3 | EPISODIO 7 | WILLYREX Y VEGETTA,UC4LHNX8d8RqnDX0OezgmCTg,TheWillyrex,3822340,2014-07-25T16:31:16Z,1842.0,https://www.youtube.com/watch?v=t1Tb9r15Wuc,https://www.youtube.com/channel/UC4LHNX8d8RqnDX0OezgmCTg,high,Vegetta777
JQw48hJfjqI,HOMBRES DE ACERO | #APOCALIPSISMINECRAFT3 | EPISODIO 8 | WILLYREX Y VEGETTA,UCam8T03EOFBsNdR0thrFHdQ,VEGETTA777,3881811,2014-07-26T18:34:55Z,1700.0,https://www.youtube.com/watch?v=JQw48hJfjqI,https://www.youtube.com/channel/UCam8T03EOFBsNdR0thrFHdQ,high,Vegetta777
YjoJoHuDvds,JEFE POR SORPRESA!! | #APOCALIPSISMINECRAFT3 | EPISODIO 9 | WILLYREX Y VEGETTA,UC4LHNX8d8RqnDX0OezgmCTg,TheWillyrex,3127819,2014-07-27T22:07:43Z,2101.0,https://www.youtube.com/watch?v=YjoJoHuDvds,https://www.youtube.com/channel/UC4LHNX8d8RqnDX0OezgmCTg,high,Vegetta777
zGCnqyxH-bs,EL DRAGON DEL NETHER | #APOCALIPSISMINECRAFT3 | EPISODIO 10 | WILLYREX Y VEGETTA,UCam8T03EOFBsNdR0thrFHdQ,VEGETTA777,3430164,2014-07-28T21:16:17Z,2091.0,https://www.youtube.com/watch?v=zGCnqyxH-bs,https://www.youtube.com/channel/UCam8T03EOFBsNdR0thrFHdQ,high,Vegetta777
o0DXPdEwc-E,EL PLAN D!! | #APOCALIPSISMINECRAFT3 | EPISODIO 11 | WILLYREX Y VEGETTA,UC4LHNX8d8RqnDX0OezgmCTg,TheWillyrex,2869371,2014-07-29T22:36:20Z,1725.0,https://www.youtube.com/watch?v=o0DXPdEwc-E,https://www.youtube.com/channel/UC4LHNX8d8RqnDX0OezgmCTg,high,Vegetta777
fbGndPDpbFI,CAZADORES DE ALMAS | #APOCALIPSISMINECRAFT3 | EPISODIO 12 | WILLYREX Y VEGETTA,UCam8T03EOFBsNdR0thrFHdQ,VEGETTA777,3672488,2014-07-30T21:00:11Z,1955.0,https://www.youtube.com/watch?v=fbGndPDpbFI,https://www.youtube.com/channel/UCam8T03EOFBsNdR0thrFHdQ,high,Vegetta777
p3CK6K5U3-c,EL MURO ASESINO xD!! | #APOCALIPSISMINECRAFT3 | EPISODIO 13 | WILLYREX Y VEGETTA,UC4LHNX8d8RqnDX0OezgmCTg,TheWillyrex,2630597,2014-07-31T16:33:30Z,1843.0,https://www.youtube.com/watch?v=p3CK6K5U3-c,https://www.youtube.com/channel/UC4LHNX8d8RqnDX0OezgmCTg,high,Vegetta777
t9TpqCk90rM,CREADORES DE VIDA | #APOCALIPSISMINECRAFT3 | EPISODIO 14 | WILLYREX Y VEGETTA,UCam8T03EOFBsNdR0thrFHdQ,VEGETTA777,4547957,2014-08-01T21:30:03Z,1916.0,https://www.youtube.com/watch?v=t9TpqCk90rM,https://www.youtube.com/channel/UCam8T03EOFBsNdR0thrFHdQ,high,Vegetta777
b99UiYmeTKA,EL NACIMIENTO DE ARTURO!! | #APOCALIPSISMINECRAFT3 | EPISODIO 15 | WILLYREX Y VEGETTA,UC4LHNX8d8RqnDX0OezgmCTg,TheWillyrex,3616314,2014-08-02T16:22:09Z,1799.0,https://www.youtube.com/watch?v=b99UiYmeTKA,https://www.youtube.com/channel/UC4LHNX8d8RqnDX0OezgmCTg,high,Vegetta777
9oM0LK9GhVg,"ARTURO,MI AMIGO IMAGINARIO | #APOCALIPSISMINECRAFT3 | EPISODIO 16 | WILLYREX Y VEGETTA",UCam8T03EOFBsNdR0thrFHdQ,VEGETTA777,3826349,2014-08-03T21:16:05Z,1935.0,https://www.youtube.com/watch?v=9oM0LK9GhVg,https://www.youtube.com/channel/UCam8T03EOFBsNdR0thrFHdQ,high,Vegetta777
GlDbXOcHrAU,TRASGOS ASESINOS!! | #APOCALIPSISMINECRAFT3 | EPISODIO 17 | WILLYREX Y VEGETTA,UC4LHNX8d8RqnDX0OezgmCTg,TheWillyrex,2490748,2014-08-04T16:50:19Z,2050.0,https://www.youtube.com/watch?v=GlDbXOcHrAU,https://www.youtube.com/channel/UC4LHNX8d8RqnDX0OezgmCTg,high,Vegetta777
46SPUclYqq0,FAIL SANGRIENTO | #APOCALIPSISMINECRAFT3 | EPISODIO 18 | WILLYREX Y VEGETTA,UCam8T03EOFBsNdR0thrFHdQ,VEGETTA777,3180567,2014-08-05T21:30:01Z,2283.0,https://www.youtube.com/watch?v=46SPUclYqq0,https://www.youtube.com/channel/UCam8T03EOFBsNdR0thrFHdQ,high,Vegetta777
9QWRwcUAISk,EL ARAÑOTE!! | #APOCALIPSISMINECRAFT3 | EPISODIO 19 | WILLYREX Y VEGETTA,UC4LHNX8d8RqnDX0OezgmCTg,TheWillyrex,2303590,2014-08-06T16:49:48Z,1823.0,https://www.youtube.com/watch?v=9QWRwcUAISk,https://www.youtube.com/channel/UC4LHNX8d8RqnDX0OezgmCTg,high,Vegetta777
Sr3rsJrzBiM,PUEDO VOLAR! | #APOCALIPSISMINECRAFT3 | EPISODIO 20 | WILLYREX Y VEGETTA,UCam8T03EOFBsNdR0thrFHdQ,VEGETTA777,3370600,2014-08-07T21:30:08Z,2277.0,https://www.youtube.com/watch?v=Sr3rsJrzBiM,https://www.youtube.com/channel/UCam8T03EOFBsNdR0thrFHdQ,high,Vegetta777
fMF-KcMs6zQ,EL MAGO MALVADO!! | #APOCALIPSISMINECRAFT3 | EPISODIO 21 | WILLYREX Y VEGETTA,UC4LHNX8d8RqnDX0OezgmCTg,TheWillyrex,2487392,2014-08-08T17:47:38Z,1874.0,https://www.youtube.com/watch?v=fMF-KcMs6zQ,https://www.youtube.com/channel/UC4LHNX8d8RqnDX0OezgmCTg,high,Vegetta777
2Z7WZ3qjj64,METEORITOOO! TE LO DIJE! | #APOCALIPSISMINECRAFT3 | EPISODIO 22 | WILLYREX Y VEGETTA,UCam8T03EOFBsNdR0thrFHdQ,VEGETTA777,6059838,2014-08-10T21:02:04Z,2109.0,https://www.youtube.com/watch?v=2Z7WZ3qjj64,https://www.youtube.com/channel/UCam8T03EOFBsNdR0thrFHdQ,high,Vegetta777
-pKgGfF87jE,ARDEREMOS EN EL INFIERNO!! | #APOCALIPSISMINECRAFT3 | EPISODIO 23 | WILLYREX Y VEGETTA,UC4LHNX8d8RqnDX0OezgmCTg,TheWillyrex,2423126,2014-08-11T16:30:03Z,1862.0,https://www.youtube.com/watch?v=-pKgGfF87jE,https://www.youtube.com/channel/UC4LHNX8d8RqnDX0OezgmCTg,high,Vegetta777
NkSf6EnU4Zg,LIGERO COMO UNA PLUMA  | #APOCALIPSISMINECRAFT3 | EPISODIO 24 | WILLYREX Y VEGETTA,UCam8T03EOFBsNdR0thrFHdQ,VEGETTA777,2648823,2014-08-12T21:00:04Z,1791.0,https://www.youtube.com/watch?v=NkSf6EnU4Zg,https://www.youtube.com/channel/UCam8T03EOFBsNdR0thrFHdQ,high,Vegetta777
QhSDtEGuz7I,EL REINO DE LOS ENANOS!! | #APOCALIPSISMINECRAFT3 | EPISODIO 25 | WILLYREX Y VEGETTA,UC4LHNX8d8RqnDX0OezgmCTg,TheWillyrex,2050250,2014-08-13T16:30:04Z,1925.0,https://www.youtube.com/watch?v=QhSDtEGuz7I,https://www.youtube.com/channel/UC4LHNX8d8RqnDX0OezgmCTg,high,Vegetta777
vrFGkvUEE-g,EL PROTECTOR DEL VOLCAN  | #APOCALIPSISMINECRAFT3 | EPISODIO 26 | WILLYREX Y VEGETTA,UCam8T03EOFBsNdR0thrFHdQ,VEGETTA777,2619815,2014-08-14T21:00:04Z,1845.0,https://www.youtube.com/watch?v=vrFGkvUEE-g,https://www.youtube.com/channel/UCam8T03EOFBsNdR0thrFHdQ,high,Vegetta777
_kL_5abSuu0,DIMENSIÓN ZOMBIE!! | #APOCALIPSISMINECRAFT3 | EPISODIO 27 | WILLYREX Y VEGETTA,UC4LHNX8d8RqnDX0OezgmCTg,TheWillyrex,2772531,2014-08-15T16:30:03Z,2032.0,https://www.youtube.com/watch?v=_kL_5abSuu0,https://www.youtube.com/channel/UC4LHNX8d8RqnDX0OezgmCTg,high,Vegetta777
O43UUwCpZwk,LOS DESTRUCTORES DEL PORTAL  | #APOCALIPSISMINECRAFT3 | EPISODIO 28 | WILLYREX Y VEGETTA,UCam8T03EOFBsNdR0thrFHdQ,VEGETTA777,3854466,2014-08-16T21:20:13Z,1803.0,https://www.youtube.com/watch?v=O43UUwCpZwk,https://www.youtube.com/channel/UCam8T03EOFBsNdR0thrFHdQ,high,Vegetta777
TcAjECi3PtQ,ALADINO MI AMIGO!! | #APOCALIPSISMINECRAFT3 | EPISODIO 29 | WILLYREX Y VEGETTA,UC4LHNX8d8RqnDX0OezgmCTg,TheWillyrex,2135726,2014-08-17T21:46:58Z,1950.0,https://www.youtube.com/watch?v=TcAjECi3PtQ,https://www.youtube.com/channel/UC4LHNX8d8RqnDX0OezgmCTg,high,Vegetta777
tvDjgDz_6yU,GATITO ESPACIAL  | #APOCALIPSISMINECRAFT3 | EPISODIO 30 | WILLYREX Y VEGETTA,UCam8T03EOFBsNdR0thrFHdQ,VEGETTA777,2519109,2014-08-18T21:58:28Z,1840.0,https://www.youtube.com/watch?v=tvDjgDz_6yU,https://www.youtube.com/channel/UCam8T03EOFBsNdR0thrFHdQ,high,Vegetta777
dfrtAS6vjNk,INVASIÓN AL CASTILLO!! | #APOCALIPSISMINECRAFT3 | EPISODIO 31 | WILLYREX Y VEGETTA,UC4LHNX8d8RqnDX0OezgmCTg,TheWillyrex,2097157,2014-08-19T21:17:30Z,2046.0,https://www.youtube.com/watch?v=dfrtAS6vjNk,https://www.youtube.com/channel/UC4LHNX8d8RqnDX0OezgmCTg,high,Vegetta777
Wq2otqi0Hh8,LIBERAREMOS A LOS PRISIONEROS!  | #APOCALIPSISMINECRAFT3 | EPISODIO 32 | WILLYREX Y VEGETTA,UCam8T03EOFBsNdR0thrFHdQ,VEGETTA777,2705225,2014-08-20T21:16:11Z,1815.0,https://www.youtube.com/watch?v=Wq2otqi0Hh8,https://www.youtube.com/channel/UCam8T03EOFBsNdR0thrFHdQ,high,Vegetta777
ZHuFEAXiXAQ,GOLPEAME FUERTE!! | #APOCALIPSISMINECRAFT3 | EPISODIO 33 | WILLYREX Y VEGETTA,UC4LHNX8d8RqnDX0OezgmCTg,TheWillyrex,1990209,2014-08-21T23:33:58Z,1787.0,https://www.youtube.com/watch?v=ZHuFEAXiXAQ,https://www.youtube.com/channel/UC4LHNX8d8RqnDX0OezgmCTg,high,Vegetta777
A2jbG__fY4U,ASESINATOS AMISTOSOS | #APOCALIPSISMINECRAFT3 | EPISODIO 34 | WILLYREX Y VEGETTA,UCam8T03EOFBsNdR0thrFHdQ,VEGETTA777,2455210,2014-08-22T21:06:53Z,1901.0,https://www.youtube.com/watch?v=A2jbG__fY4U,https://www.youtube.com/channel/UCam8T03EOFBsNdR0thrFHdQ,high,Vegetta777
XImVFs7fQFA,LO PERDEMOS TODO!! | #APOCALIPSISMINECRAFT3 | EPISODIO 35 | WILLYREX Y VEGETTA,UC4LHNX8d8RqnDX0OezgmCTg,TheWillyrex,1988230,2014-08-23T16:31:17Z,1973.0,https://www.youtube.com/watch?v=XImVFs7fQFA,https://www.youtube.com/channel/UC4LHNX8d8RqnDX0OezgmCTg,high,Vegetta777
Cf0vWSaEZB4,EL REGRESO DE LOS ZOMBIES | #APOCALIPSISMINECRAFT3 | EPISODIO 36 | WILLYREX Y VEGETTA,UCam8T03EOFBsNdR0thrFHdQ,VEGETTA777,2717189,2014-08-24T21:07:54Z,2046.0,https://www.youtube.com/watch?v=Cf0vWSaEZB4,https://www.youtube.com/channel/UCam8T03EOFBsNdR0thrFHdQ,high,Vegetta777
kK0FNkU1NIo,EL LADRÓN DE ESPADAS!! | #APOCALIPSISMINECRAFT3 | EPISODIO 37 | WILLYREX Y VEGETTA,UC4LHNX8d8RqnDX0OezgmCTg,TheWillyrex,2064712,2014-08-25T20:36:33Z,1794.0,https://www.youtube.com/watch?v=kK0FNkU1NIo,https://www.youtube.com/channel/UC4LHNX8d8RqnDX0OezgmCTg,high,Vegetta777
tqGoeZa7m2Q,EL TEMPLO SAGRADO | #APOCALIPSISMINECRAFT3 | EPISODIO 38 | WILLYREX Y VEGETTA,UCam8T03EOFBsNdR0thrFHdQ,VEGETTA777,4185054,2014-08-26T21:00:03Z,1837.0,https://www.youtube.com/watch?v=tqGoeZa7m2Q,https://www.youtube.com/channel/UCam8T03EOFBsNdR0thrFHdQ,high,Vegetta777
MhdlGEPkLyk,EL PIRATA FANTASMA!! | #APOCALIPSISMINECRAFT3 | EPISODIO 39 | WILLYREX Y VEGETTA,UC4LHNX8d8RqnDX0OezgmCTg,TheWillyrex,1970557,2014-08-27T21:26:15Z,1738.0,https://www.youtube.com/watch?v=MhdlGEPkLyk,https://www.youtube.com/channel/UC4LHNX8d8RqnDX0OezgmCTg,high,Vegetta777
fUAC7svt_Gg,NUEVOS ENEMIGOS Y MUY VIOLENTOS | #APOCALIPSISMINECRAFT3 | EPISODIO 40 | WILLYREX Y VEGETTA,UCam8T03EOFBsNdR0thrFHdQ,VEGETTA777,2920299,2014-08-28T21:07:58Z,1994.0,https://www.youtube.com/watch?v=fUAC7svt_Gg,https://www.youtube.com/channel/UCam8T03EOFBsNdR0thrFHdQ,high,Vegetta777
iFvitrDRGN0,EL MISTERIO DEL NIGROMANTE!! | #APOCALIPSISMINECRAFT3 | EPISODIO 41 | WILLYREX Y VEGETTA,UC4LHNX8d8RqnDX0OezgmCTg,TheWillyrex,1862979,2014-08-29T16:30:03Z,1747.0,https://www.youtube.com/watch?v=iFvitrDRGN0,https://www.youtube.com/channel/UC4LHNX8d8RqnDX0OezgmCTg,high,Vegetta777
e4iQk5hFhcU,GUERREROS HASTA LA MUERTE | #APOCALIPSISMINECRAFT3 | EPISODIO 42 | WILLYREX Y VEGETTA,UCam8T03EOFBsNdR0thrFHdQ,VEGETTA777,2443166,2014-08-30T21:29:21Z,2144.0,https://www.youtube.com/watch?v=e4iQk5hFhcU,https://www.youtube.com/channel/UCam8T03EOFBsNdR0thrFHdQ,high,Vegetta777
E4A31iawtEo,EL DEMONIO CHETADO!! | #APOCALIPSISMINECRAFT3 | EPISODIO 43 | WILLYREX Y VEGETTA,UC4LHNX8d8RqnDX0OezgmCTg,TheWillyrex,2067089,2014-08-31T17:13:17Z,1853.0,https://www.youtube.com/watch?v=E4A31iawtEo,https://www.youtube.com/channel/UC4LHNX8d8RqnDX0OezgmCTg,high,Vegetta777
CZCDy-lOjWY,UNA DIMENSION POCO CALIDA | #APOCALIPSISMINECRAFT3 | EPISODIO 44 | WILLYREX Y VEGETTA,UCam8T03EOFBsNdR0thrFHdQ,VEGETTA777,2484933,2014-09-01T21:09:42Z,1919.0,https://www.youtube.com/watch?v=CZCDy-lOjWY,https://www.youtube.com/channel/UCam8T03EOFBsNdR0thrFHdQ,high,Vegetta777
WB5jKO8PhXM,UN PUEBLO GÉLIDO!! | #APOCALIPSISMINECRAFT3 | EPISODIO 45 | WILLYREX Y VEGETTA,UC4LHNX8d8RqnDX0OezgmCTg,TheWillyrex,1813685,2014-09-02T17:08:12Z,1759.0,https://www.youtube.com/watch?v=WB5jKO8PhXM,https://www.youtube.com/channel/UC4LHNX8d8RqnDX0OezgmCTg,high,Vegetta777
2OLRo6Dx3TY,UN COMBATE EPIQUISIMO | #APOCALIPSISMINECRAFT3 | EPISODIO 46 | WILLYREX Y VEGETTA,UCam8T03EOFBsNdR0thrFHdQ,VEGETTA777,2273315,2014-09-03T21:00:08Z,2057.0,https://www.youtube.com/watch?v=2OLRo6Dx3TY,https://www.youtube.com/channel/UCam8T03EOFBsNdR0thrFHdQ,high,Vegetta777
XkIEQcahTW0,SOY UN GOLEM!! | #APOCALIPSISMINECRAFT3 | EPISODIO 47 | WILLYREX Y VEGETTA,UC4LHNX8d8RqnDX0OezgmCTg,TheWillyrex,3860397,2014-09-04T23:45:04Z,1834.0,https://www.youtube.com/watch?v=XkIEQcahTW0,https://www.youtube.com/channel/UC4LHNX8d8RqnDX0OezgmCTg,high,Vegetta777
mNdKR30ox3w,NUESTRA PEQUEÑA FAMILIA | #APOCALIPSISMINECRAFT3 | EPISODIO 48 | WILLYREX Y VEGETTA,UCam8T03EOFBsNdR0thrFHdQ,VEGETTA777,2486419,2014-09-05T21:13:11Z,2000.0,https://www.youtube.com/watch?v=mNdKR30ox3w,https://www.youtube.com/channel/UCam8T03EOFBsNdR0thrFHdQ,high,Vegetta777
8jdfZi33wKQ,EL PODER DE LAS FLORES!! | #APOCALIPSISMINECRAFT3 | EPISODIO 49 | WILLYREX Y VEGETTA,UC4LHNX8d8RqnDX0OezgmCTg,TheWillyrex,2190693,2014-09-06T15:30:04Z,1731.0,https://www.youtube.com/watch?v=8jdfZi33wKQ,https://www.youtube.com/channel/UC4LHNX8d8RqnDX0OezgmCTg,high,Vegetta777
GzoQwWqf72Q,EL ATAQUE DE LOS TRITONES | #APOCALIPSISMINECRAFT3 | EPISODIO 50 | WILLYREX Y VEGETTA,UCam8T03EOFBsNdR0thrFHdQ,VEGETTA777,2492217,2014-09-07T18:51:16Z,1832.0,https://www.youtube.com/watch?v=GzoQwWqf72Q,https://www.youtube.com/channel/UCam8T03EOFBsNdR0thrFHdQ,high,Vegetta777
Td2wpX75Bmw,EL REGRESO!! | #APOCALIPSISMINECRAFT3 | EPISODIO 51 | WILLYREX Y VEGETTA,UC4LHNX8d8RqnDX0OezgmCTg,TheWillyrex,2216195,2014-09-12T22:21:57Z,1935.0,https://www.youtube.com/watch?v=Td2wpX75Bmw,https://www.youtube.com/channel/UC4LHNX8d8RqnDX0OezgmCTg,high,Vegetta777
SQSlM-01lX8,CEMENTERIO POR SORPRESA | #APOCALIPSISMINECRAFT3 | EPISODIO 52 | WILLYREX Y VEGETTA,UCam8T03EOFBsNdR0thrFHdQ,VEGETTA777,1917521,2014-09-13T18:36:19Z,1950.0,https://www.youtube.com/watch?v=SQSlM-01lX8,https://www.youtube.com/channel/UCam8T03EOFBsNdR0thrFHdQ,high,Vegetta777
OArNdRYwyFM,EL DINO FAIL!! | #APOCALIPSISMINECRAFT3 | EPISODIO 53 | WILLYREX Y VEGETTA,UC4LHNX8d8RqnDX0OezgmCTg,TheWillyrex,2150767,2014-09-14T20:30:01Z,2055.0,https://www.youtube.com/watch?v=OArNdRYwyFM,https://www.youtube.com/channel/UC4LHNX8d8RqnDX0OezgmCTg,high,Vegetta777
BP719UDMMQE,EL REY LEON | #APOCALIPSISMINECRAFT3 | EPISODIO 54 | WILLYREX Y VEGETTA,UCam8T03EOFBsNdR0thrFHdQ,VEGETTA777,4466762,2014-09-15T18:30:03Z,1925.0,https://www.youtube.com/watch?v=BP719UDMMQE,https://www.youtube.com/channel/UCam8T03EOFBsNdR0thrFHdQ,high,Vegetta777
oq-2ZIWh2AI,EL CORAZÓN DE LA SELVAI!! | #APOCALIPSISMINECRAFT3 | EPISODIO 55 | WILLYREX Y VEGETTA,UC4LHNX8d8RqnDX0OezgmCTg,TheWillyrex,2227258,2014-09-16T20:30:04Z,1908.0,https://www.youtube.com/watch?v=oq-2ZIWh2AI,https://www.youtube.com/channel/UC4LHNX8d8RqnDX0OezgmCTg,high,Vegetta777
W6LWcvPu8MI,NUESTRO DULCE HOGAR | #APOCALIPSISMINECRAFT3 | EPISODIO 56 | WILLYREX Y VEGETTA,UCam8T03EOFBsNdR0thrFHdQ,VEGETTA777,7307064,2014-09-17T18:12:41Z,1945.0,https://www.youtube.com/watch?v=W6LWcvPu8MI,https://www.youtube.com/channel/UCam8T03EOFBsNdR0thrFHdQ,high,Vegetta777
N_kA0CsA2CI,EL PALO DE RAFIKI!! | #APOCALIPSISMINECRAFT3 | EPISODIO 57 | WILLYREX Y VEGETTA,UC4LHNX8d8RqnDX0OezgmCTg,TheWillyrex,2362886,2014-09-18T20:30:02Z,1858.0,https://www.youtube.com/watch?v=N_kA0CsA2CI,https://www.youtube.com/channel/UC4LHNX8d8RqnDX0OezgmCTg,high,Vegetta777
XfyvhUkSt3c,LUCHA CONTRA SCAR | #APOCALIPSISMINECRAFT3 | EPISODIO 58 | WILLYREX Y VEGETTA,UCam8T03EOFBsNdR0thrFHdQ,VEGETTA777,3269036,2014-09-19T16:01:36Z,1841.0,https://www.youtube.com/watch?v=XfyvhUkSt3c,https://www.youtube.com/channel/UCam8T03EOFBsNdR0thrFHdQ,high,Vegetta777
kOZSlNZdhE4,NACE SIMBA!! | #APOCALIPSISMINECRAFT3 | EPISODIO 59 | WILLYREX Y VEGETTA,UC4LHNX8d8RqnDX0OezgmCTg,TheWillyrex,1897912,2014-09-20T20:30:02Z,1748.0,https://www.youtube.com/watch?v=kOZSlNZdhE4,https://www.youtube.com/channel/UC4LHNX8d8RqnDX0OezgmCTg,high,Vegetta777
M2ICC0sB9QI,NUEVOS MISTERIOS | #APOCALIPSISMINECRAFT3 | EPISODIO 60 | WILLYREX Y VEGETTA,UCam8T03EOFBsNdR0thrFHdQ,VEGETTA777,2140786,2014-09-21T18:00:06Z,1779.0,https://www.youtube.com/watch?v=M2ICC0sB9QI,https://www.youtube.com/channel/UCam8T03EOFBsNdR0thrFHdQ,high,Vegetta777
-HQArB4o6T8,EL CASCO PODEROSO!! | #APOCALIPSISMINECRAFT3 | EPISODIO 61 | WILLYREX Y VEGETTA,UC4LHNX8d8RqnDX0OezgmCTg,TheWillyrex,1554362,2014-09-23T00:00:02Z,2006.0,https://www.youtube.com/watch?v=-HQArB4o6T8,https://www.youtube.com/channel/UC4LHNX8d8RqnDX0OezgmCTg,high,Vegetta777
3omvtUyAUu8,LA MUSICA DE LA SELVA | #APOCALIPSISMINECRAFT3 | EPISODIO 62 | WILLYREX Y VEGETTA,UCam8T03EOFBsNdR0thrFHdQ,VEGETTA777,4204335,2014-09-23T21:05:58Z,2018.0,https://www.youtube.com/watch?v=3omvtUyAUu8,https://www.youtube.com/channel/UCam8T03EOFBsNdR0thrFHdQ,high,Vegetta777
yZn5ruV-Nu8,LA DIMENSIÓN DE LA PASIÓN!! | #APOCALIPSISMINECRAFT3 | EPISODIO 63 | WILLYREX Y VEGETTA,UC4LHNX8d8RqnDX0OezgmCTg,TheWillyrex,1479300,2014-09-24T21:03:15Z,1844.0,https://www.youtube.com/watch?v=yZn5ruV-Nu8,https://www.youtube.com/channel/UC4LHNX8d8RqnDX0OezgmCTg,high,Vegetta777
H-m7Uw7BeqM,REGRESO A NUESTRO HOGAR | #APOCALIPSISMINECRAFT3 | EPISODIO 64 | WILLYREX Y VEGETTA,UCam8T03EOFBsNdR0thrFHdQ,VEGETTA777,2508116,2014-09-25T18:17:38Z,1948.0,https://www.youtube.com/watch?v=H-m7Uw7BeqM,https://www.youtube.com/channel/UCam8T03EOFBsNdR0thrFHdQ,high,Vegetta777
O7jRfrbYGU8,OS QUIERO MIS PEQUEÑOS!! | #APOCALIPSISMINECRAFT3 | EPISODIO 65 | WILLYREX Y VEGETTA,UC4LHNX8d8RqnDX0OezgmCTg,TheWillyrex,1837528,2014-09-26T19:23:46Z,2151.0,https://www.youtube.com/watch?v=O7jRfrbYGU8,https://www.youtube.com/channel/UC4LHNX8d8RqnDX0OezgmCTg,high,Vegetta777
pEWhGA2JjHM,UN GRAN DIA DE MEJORAS! | #APOCALIPSISMINECRAFT3 | EPISODIO 66 | WILLYREX Y VEGETTA,UCam8T03EOFBsNdR0thrFHdQ,VEGETTA777,2234292,2014-09-27T19:18:34Z,1897.0,https://www.youtube.com/watch?v=pEWhGA2JjHM,https://www.youtube.com/channel/UCam8T03EOFBsNdR0thrFHdQ,high,Vegetta777
IbFm3UWqfNs,LOS CAMINANTES!! | #APOCALIPSISMINECRAFT3 | EPISODIO 67 | WILLYREX Y VEGETTA,UC4LHNX8d8RqnDX0OezgmCTg,TheWillyrex,1574408,2014-09-28T21:12:42Z,2069.0,https://www.youtube.com/watch?v=IbFm3UWqfNs,https://www.youtube.com/channel/UC4LHNX8d8RqnDX0OezgmCTg,high,Vegetta777
_SmApn0Z_8E,VIOLENTUS MAXIMUS | #APOCALIPSISMINECRAFT3 | EPISODIO 68 | WILLYREX Y VEGETTA,UCam8T03EOFBsNdR0thrFHdQ,VEGETTA777,3334861,2014-09-29T18:17:42Z,2068.0,https://www.youtube.com/watch?v=_SmApn0Z_8E,https://www.youtube.com/channel/UCam8T03EOFBsNdR0thrFHdQ,high,Vegetta777
rL9c--y-K5k,COME DINO COMEEE!! | #APOCALIPSISMINECRAFT3 | EPISODIO 69 | WILLYREX Y VEGETTA,UC4LHNX8d8RqnDX0OezgmCTg,TheWillyrex,1597576,2014-09-30T21:31:21Z,1937.0,https://www.youtube.com/watch?v=rL9c--y-K5k,https://www.youtube.com/channel/UC4LHNX8d8RqnDX0OezgmCTg,high,Vegetta777
d1L0vhK6ey0,EL FARO DEL SABIO Y EXPLOSIONES TARDIAS | #APOCALIPSISMINECRAFT3 | EPISODIO 70 | WILLYREX Y VEGETTA,UCam8T03EOFBsNdR0thrFHdQ,VEGETTA777,2268751,2014-10-01T18:18:40Z,2072.0,https://www.youtube.com/watch?v=d1L0vhK6ey0,https://www.youtube.com/channel/UCam8T03EOFBsNdR0thrFHdQ,high,Vegetta777
yPg3xnw0d7Y,TROTUMAN!! | #APOCALIPSISMINECRAFT3 | EPISODIO 71 | WILLYREX Y VEGETTA,UC4LHNX8d8RqnDX0OezgmCTg,TheWillyrex,1851084,2014-10-02T15:20:01Z,1755.0,https://www.youtube.com/watch?v=yPg3xnw0d7Y,https://www.youtube.com/channel/UC4LHNX8d8RqnDX0OezgmCTg,high,Vegetta777
av86IarLhPI,LA ESCENA DEL CRIMEN | #APOCALIPSISMINECRAFT3 | EPISODIO 72 | WILLYREX Y VEGETTA,UCam8T03EOFBsNdR0thrFHdQ,VEGETTA777,4784100,2014-10-03T14:40:11Z,1929.0,https://www.youtube.com/watch?v=av86IarLhPI,https://www.youtube.com/channel/UCam8T03EOFBsNdR0thrFHdQ,high,Vegetta777
fx5jwgUUSW0,PREPARANDO LA FIESTA!! | #APOCALIPSISMINECRAFT3 | EPISODIO 73 | WILLYREX Y VEGETTA,UC4LHNX8d8RqnDX0OezgmCTg,TheWillyrex,1924298,2014-10-04T18:05:02Z,1931.0,https://www.youtube.com/watch?v=fx5jwgUUSW0,https://www.youtube.com/channel/UC4LHNX8d8RqnDX0OezgmCTg,high,Vegetta777
Jb3KzeV4FJE,EL MONO GIGANTE Y SU EJERCITO | #APOCALIPSISMINECRAFT3 | EPISODIO 74 | WILLYREX Y VEGETTA,UCam8T03EOFBsNdR0thrFHdQ,VEGETTA777,2055193,2014-10-05T18:55:52Z,1813.0,https://www.youtube.com/watch?v=Jb3KzeV4FJE,https://www.youtube.com/channel/UCam8T03EOFBsNdR0thrFHdQ,high,Vegetta777
t5tED0m3UTw,EL MAGO DE LAS NUBES!! | #APOCALIPSISMINECRAFT3 | EPISODIO 75 | WILLYREX Y VEGETTA,UC4LHNX8d8RqnDX0OezgmCTg,TheWillyrex,1704447,2014-10-06T23:16:59Z,1945.0,https://www.youtube.com/watch?v=t5tED0m3UTw,https://www.youtube.com/channel/UC4LHNX8d8RqnDX0OezgmCTg,high,Vegetta777
m1rSoDcRpoc,LA CASA DE MIS SUEÑOS | #APOCALIPSISMINECRAFT3 | EPISODIO 76 | WILLYREX Y VEGETTA,UCam8T03EOFBsNdR0thrFHdQ,VEGETTA777,2309554,2014-10-07T19:20:27Z,2012.0,https://www.youtube.com/watch?v=m1rSoDcRpoc,https://www.youtube.com/channel/UCam8T03EOFBsNdR0thrFHdQ,high,Vegetta777
qoM9qUJQco8,AHOGAMOS DINOS?!! | #APOCALIPSISMINECRAFT3 | EPISODIO 77 | WILLYREX Y VEGETTA,UC4LHNX8d8RqnDX0OezgmCTg,TheWillyrex,1913052,2014-10-08T22:33:08Z,1906.0,https://www.youtube.com/watch?v=qoM9qUJQco8,https://www.youtube.com/channel/UC4LHNX8d8RqnDX0OezgmCTg,high,Vegetta777
A6H0JPJ1zUw,COMIENZO DE LA CARRERA ESPACIAL | #APOCALIPSISMINECRAFT3 | EPISODIO 78 | WILLYREX Y VEGETTA,UCam8T03EOFBsNdR0thrFHdQ,VEGETTA777,2204687,2014-10-09T19:22:06Z,1868.0,https://www.youtube.com/watch?v=A6H0JPJ1zUw,https://www.youtube.com/channel/UCam8T03EOFBsNdR0thrFHdQ,high,Vegetta777
8fZfhStgq6U,EL DINOSAURIO MÁS FEO!! | #APOCALIPSISMINECRAFT3 | EPISODIO 79 | WILLYREX Y VEGETTA,UC4LHNX8d8RqnDX0OezgmCTg,TheWillyrex,1920537,2014-10-10T21:10:29Z,1977.0,https://www.youtube.com/watch?v=8fZfhStgq6U,https://www.youtube.com/channel/UC4LHNX8d8RqnDX0OezgmCTg,high,Vegetta777
cnlH5vhNXuI,AMORES CASEROS! | #APOCALIPSISMINECRAFT3 | EPISODIO 80 | WILLYREX Y VEGETTA,UCam8T03EOFBsNdR0thrFHdQ,VEGETTA777,2796854,2014-10-11T21:33:02Z,2045.0,https://www.youtube.com/watch?v=cnlH5vhNXuI,https://www.youtube.com/channel/UCam8T03EOFBsNdR0thrFHdQ,high,Vegetta777
G2fb_kEkoLc,NUEVAS ESPECIES!! | #APOCALIPSISMINECRAFT3 | EPISODIO 81 | WILLYREX Y VEGETTA,UC4LHNX8d8RqnDX0OezgmCTg,TheWillyrex,1945585,2014-10-12T21:45:06Z,1905.0,https://www.youtube.com/watch?v=G2fb_kEkoLc,https://www.youtube.com/channel/UC4LHNX8d8RqnDX0OezgmCTg,high,Vegetta777
vPAzjEL5F18,NOVEDADES EN LA FAMILIA | #APOCALIPSISMINECRAFT3 | EPISODIO 82 | WILLYREX Y VEGETTA,UCam8T03EOFBsNdR0thrFHdQ,VEGETTA777,2158417,2014-10-13T19:14:40Z,1920.0,https://www.youtube.com/watch?v=vPAzjEL5F18,https://www.youtube.com/channel/UCam8T03EOFBsNdR0thrFHdQ,high,Vegetta777
PPg--9vZ2pY,EL INVOCADOR!! | #APOCALIPSISMINECRAFT3 | EPISODIO 83 | WILLYREX Y VEGETTA,UC4LHNX8d8RqnDX0OezgmCTg,TheWillyrex,1879977,2014-10-14T22:36:20Z,2000.0,https://www.youtube.com/watch?v=PPg--9vZ2pY,https://www.youtube.com/channel/UC4LHNX8d8RqnDX0OezgmCTg,high,Vegetta777
sUeg9Tq3GN0,CADA VEZ MAS CERCA DE LA LUNA | #APOCALIPSISMINECRAFT3 | EPISODIO 84 | WILLYREX Y VEGETTA,UCam8T03EOFBsNdR0thrFHdQ,VEGETTA777,1854449,2014-10-15T19:41:42Z,2101.0,https://www.youtube.com/watch?v=sUeg9Tq3GN0,https://www.youtube.com/channel/UCam8T03EOFBsNdR0thrFHdQ,high,Vegetta777
vdBb0jx2izw,LA WILLY-BANDERA!! | #APOCALIPSISMINECRAFT3 | EPISODIO 85 | WILLYREX Y VEGETTA,UC4LHNX8d8RqnDX0OezgmCTg,TheWillyrex,2029926,2014-10-16T21:14:36Z,2113.0,https://www.youtube.com/watch?v=vdBb0jx2izw,https://www.youtube.com/channel/UC4LHNX8d8RqnDX0OezgmCTg,high,Vegetta777
86YHp9dnS4w,DINOFOSILES Y AMORES | #APOCALIPSISMINECRAFT3 | EPISODIO 86 | WILLYREX Y VEGETTA,UCam8T03EOFBsNdR0thrFHdQ,VEGETTA777,2127728,2014-10-17T18:56:20Z,1936.0,https://www.youtube.com/watch?v=86YHp9dnS4w,https://www.youtube.com/channel/UCam8T03EOFBsNdR0thrFHdQ,high,Vegetta777
Vr5JA4gwwcQ,MÁS CERCA DE LA LUNA!! | #APOCALIPSISMINECRAFT3 | EPISODIO 87 | WILLYREX Y VEGETTA,UC4LHNX8d8RqnDX0OezgmCTg,TheWillyrex,1752353,2014-10-18T20:27:06Z,2065.0,https://www.youtube.com/watch?v=Vr5JA4gwwcQ,https://www.youtube.com/channel/UC4LHNX8d8RqnDX0OezgmCTg,high,Vegetta777
FLxoNoPhl8o,PELEAS DE DINOSAURIOS | #APOCALIPSISMINECRAFT3 | EPISODIO 88 | WILLYREX Y VEGETTA,UCam8T03EOFBsNdR0thrFHdQ,VEGETTA777,2872427,2014-10-19T19:20:13Z,1736.0,https://www.youtube.com/watch?v=FLxoNoPhl8o,https://www.youtube.com/channel/UCam8T03EOFBsNdR0thrFHdQ,high,Vegetta777
r5kVRqw0sdY,NOCHE EN EL MUSEO!! | #APOCALIPSISMINECRAFT3 | EPISODIO 89 | WILLYREX Y VEGETTA,UC4LHNX8d8RqnDX0OezgmCTg,TheWillyrex,1743444,2014-10-20T20:30:04Z,2155.0,https://www.youtube.com/watch?v=r5kVRqw0sdY,https://www.youtube.com/channel/UC4LHNX8d8RqnDX0OezgmCTg,high,Vegetta777
shtY6PbgF1c,TENEMOS EL COHETE! | #APOCALIPSISMINECRAFT3 | EPISODIO 90 | WILLYREX Y VEGETTA,UCam8T03EOFBsNdR0thrFHdQ,VEGETTA777,4483674,2014-10-21T17:04:35Z,1838.0,https://www.youtube.com/watch?v=shtY6PbgF1c,https://www.youtube.com/channel/UCam8T03EOFBsNdR0thrFHdQ,high,Vegetta777
Klfzfbvj-gM,VIAJE A LA LUNA!! | #APOCALIPSISMINECRAFT3 | EPISODIO 91 | WILLYREX Y VEGETTA,UC4LHNX8d8RqnDX0OezgmCTg,TheWillyrex,4302356,2014-10-22T20:30:04Z,2057.0,https://www.youtube.com/watch?v=Klfzfbvj-gM,https://www.youtube.com/channel/UC4LHNX8d8RqnDX0OezgmCTg,high,Vegetta777
NPNhZqjJSpw,LA CASA EN PELIGRO! | #APOCALIPSISMINECRAFT3 | EPISODIO 92 | WILLYREX Y VEGETTA,UCam8T03EOFBsNdR0thrFHdQ,VEGETTA777,6622080,2014-10-23T17:30:01Z,2001.0,https://www.youtube.com/watch?v=NPNhZqjJSpw,https://www.youtube.com/channel/UCam8T03EOFBsNdR0thrFHdQ,high,Vegetta777
yhHT31G5U0I,BATALLA DE EJERCITOS!! | #APOCALIPSISMINECRAFT3 | EPISODIO 93 | WILLYREX Y VEGETTA,UC4LHNX8d8RqnDX0OezgmCTg,TheWillyrex,2817285,2014-10-24T22:11:02Z,1979.0,https://www.youtube.com/watch?v=yhHT31G5U0I,https://www.youtube.com/channel/UC4LHNX8d8RqnDX0OezgmCTg,high,Vegetta777
i43Zidf6aJ4,NUNCA PERDEREMOS LA ESPERANZA | #APOCALIPSISMINECRAFT3 | EPISODIO 94 | WILLYREX Y VEGETTA,UCam8T03EOFBsNdR0thrFHdQ,VEGETTA777,2463955,2014-10-25T21:31:33Z,1970.0,https://www.youtube.com/watch?v=i43Zidf6aJ4,https://www.youtube.com/channel/UCam8T03EOFBsNdR0thrFHdQ,high,Vegetta777
KgmeKjSUvhY,MISIÓN ESPACIAL!! | #APOCALIPSISMINECRAFT3 | EPISODIO 95 | WILLYREX Y VEGETTA,UC4LHNX8d8RqnDX0OezgmCTg,TheWillyrex,2752368,2014-10-26T19:31:46Z,1922.0,https://www.youtube.com/watch?v=KgmeKjSUvhY,https://www.youtube.com/channel/UC4LHNX8d8RqnDX0OezgmCTg,high,Vegetta777
iwSKuj3jJm0,LLEGADA A LA LUNA! | #APOCALIPSISMINECRAFT3 | EPISODIO 96 | WILLYREX Y VEGETTA,UCam8T03EOFBsNdR0thrFHdQ,VEGETTA777,11045393,2014-10-27T21:44:19Z,1952.0,https://www.youtube.com/watch?v=iwSKuj3jJm0,https://www.youtube.com/channel/UCam8T03EOFBsNdR0thrFHdQ,high,Vegetta777
l6N74xfOel0,NO PUEDO RESPIRAR!! | #APOCALIPSISMINECRAFT3 | EPISODIO 97 | WILLYREX Y VEGETTA,UC4LHNX8d8RqnDX0OezgmCTg,TheWillyrex,2389012,2014-10-28T21:42:32Z,1962.0,https://www.youtube.com/watch?v=l6N74xfOel0,https://www.youtube.com/channel/UC4LHNX8d8RqnDX0OezgmCTg,high,Vegetta777
Pm_gMueg1Vk,SUPERVIVENCIA ESPACIAL | #APOCALIPSISMINECRAFT3 | EPISODIO 98 | WILLYREX Y VEGETTA,UCam8T03EOFBsNdR0thrFHdQ,VEGETTA777,4082657,2014-10-29T22:26:54Z,2038.0,https://www.youtube.com/watch?v=Pm_gMueg1Vk,https://www.youtube.com/channel/UCam8T03EOFBsNdR0thrFHdQ,high,Vegetta777
MpTJiIztM4s,UNA VISITA TERRÍCOLA!! | #APOCALIPSISMINECRAFT3 | EPISODIO 99 | WILLYREX Y VEGETTA,UC4LHNX8d8RqnDX0OezgmCTg,TheWillyrex,2685380,2014-10-30T22:35:37Z,1533.0,https://www.youtube.com/watch?v=MpTJiIztM4s,https://www.youtube.com/channel/UC4LHNX8d8RqnDX0OezgmCTg,high,Vegetta777
j1fi9ZiVhKo,ESPECIAL HALLOWEEN PARTE 1 | #APOCALIPSISMINECRAFT3 | EPISODIO 100 | WILLYREX Y VEGETTA,UCam8T03EOFBsNdR0thrFHdQ,VEGETTA777,5832529,2014-10-31T19:50:00Z,2297.0,https://www.youtube.com/watch?v=j1fi9ZiVhKo,https://www.youtube.com/channel/UCam8T03EOFBsNdR0thrFHdQ,high,Vegetta777
fLh0iLWmq0w,ESPECIAL HALLOWEEN!! | #APOCALIPSISMINECRAFT3 | EPISODIO 101 | WILLYREX Y VEGETTA,UC4LHNX8d8RqnDX0OezgmCTg,TheWillyrex,3324785,2014-11-01T21:47:20Z,1807.0,https://www.youtube.com/watch?v=fLh0iLWmq0w,https://www.youtube.com/channel/UC4LHNX8d8RqnDX0OezgmCTg,high,Vegetta777
iYnvhb2o_F8,"VIAJE A MARTE,WILLY CONFIA EN MI! | #APOCALIPSISMINECRAFT3 | EPISODIO 102 | WILLYREX Y VEGETTA",UCam8T03EOFBsNdR0thrFHdQ,VEGETTA777,5023137,2014-11-02T20:12:52Z,1898.0,https://www.youtube.com/watch?v=iYnvhb2o_F8,https://www.youtube.com/channel/UCam8T03EOFBsNdR0thrFHdQ,high,Vegetta777
2jCpjkaGR0k,SUPER CREEPER!! | #APOCALIPSISMINECRAFT3 | EPISODIO 103 | WILLYREX Y VEGETTA,UC4LHNX8d8RqnDX0OezgmCTg,TheWillyrex,5156197,2014-11-03T22:07:53Z,1857.0,https://www.youtube.com/watch?v=2jCpjkaGR0k,https://www.youtube.com/channel/UC4LHNX8d8RqnDX0OezgmCTg,high,Vegetta777
8k2dadrNs4g,MASCOTAS ESPACIALES!  | #APOCALIPSISMINECRAFT3 | EPISODIO 104 | WILLYREX Y VEGETTA,UCam8T03EOFBsNdR0thrFHdQ,VEGETTA777,4567398,2014-11-04T20:41:51Z,1869.0,https://www.youtube.com/watch?v=8k2dadrNs4g,https://www.youtube.com/channel/UCam8T03EOFBsNdR0thrFHdQ,high,Vegetta777
3qrlx6hX-rE,NOS VAMOS DE MARTE!! | #APOCALIPSISMINECRAFT3 | EPISODIO 105 | WILLYREX Y VEGETTA,UC4LHNX8d8RqnDX0OezgmCTg,TheWillyrex,3301309,2014-11-05T23:15:25Z,1911.0,https://www.youtube.com/watch?v=3qrlx6hX-rE,https://www.youtube.com/channel/UC4LHNX8d8RqnDX0OezgmCTg,high,Vegetta777
wfSLPZOrn3o,EL GUARDAESPALDAS DEL NETHER | #APOCALIPSISMINECRAFT3 | EPISODIO 106 | WILLYREX Y VEGETTA,UCam8T03EOFBsNdR0thrFHdQ,VEGETTA777,2233136,2014-11-06T22:12:08Z,2329.0,https://www.youtube.com/watch?v=wfSLPZOrn3o,https://www.youtube.com/channel/UCam8T03EOFBsNdR0thrFHdQ,high,Vegetta777
pHym-o_pAIE,MUERTE AL WITHER!! | #APOCALIPSISMINECRAFT3 | EPISODIO 107 | WILLYREX Y VEGETTA,UC4LHNX8d8RqnDX0OezgmCTg,TheWillyrex,1797086,2014-11-07T22:24:40Z,1749.0,https://www.youtube.com/watch?v=pHym-o_pAIE,https://www.youtube.com/channel/UC4LHNX8d8RqnDX0OezgmCTg,high,Vegetta777
iV5pZKK7KIc,MUERTE A LOS TRITONES! AU AU AU! | #APOCALIPSISMINECRAFT3 | EPISODIO 108 | WILLYREX Y VEGETTA,UCam8T03EOFBsNdR0thrFHdQ,VEGETTA777,2238873,2014-11-08T20:20:33Z,2020.0,https://www.youtube.com/watch?v=iV5pZKK7KIc,https://www.youtube.com/channel/UCam8T03EOFBsNdR0thrFHdQ,high,Vegetta777
08BZK-GmDJY,LA MUJER FANTASMA!! | #APOCALIPSISMINECRAFT3 | EPISODIO 109 | WILLYREX Y VEGETTA,UC4LHNX8d8RqnDX0OezgmCTg,TheWillyrex,1468852,2014-11-09T22:01:17Z,1893.0,https://www.youtube.com/watch?v=08BZK-GmDJY,https://www.youtube.com/channel/UC4LHNX8d8RqnDX0OezgmCTg,high,Vegetta777
b1ZbSAZmQSk,SUPERAR LOS MIEDOS | #APOCALIPSISMINECRAFT3 | EPISODIO 110 | WILLYREX Y VEGETTA,UCam8T03EOFBsNdR0thrFHdQ,VEGETTA777,2064929,2014-11-10T20:11:21Z,1826.0,https://www.youtube.com/watch?v=b1ZbSAZmQSk,https://www.youtube.com/channel/UCam8T03EOFBsNdR0thrFHdQ,high,Vegetta777
TMdO_ClzOAo,EPISODIO FINAL :( | #APOCALIPSISMINECRAFT3 | EPISODIO 111 | WILLYREX Y VEGETTA,UC4LHNX8d8RqnDX0OezgmCTg,TheWillyrex,3197749,2014-11-11T22:09:22Z,1884.0,https://www.youtube.com/watch?v=TMdO_ClzOAo,https://www.youtube.com/channel/UC4LHNX8d8RqnDX0OezgmCTg,high,Vegetta777
